"Company","Job Title","Job Description"
"Accenture in India","Test Automation Lead","Project Role : Test Automation Lead

Project Role Description : Lead the transformation of testing into a continuous and efficient end-to-end quality engineering function through the use of quality processes, tools, and methodologies significantly improving control, accuracy and integrity. Evolve more predictive and intelligent testing approaches based on automation and innovative testing products and solutions.

Must have skills : Functional Test Planning

Good to have skills : NA

Minimum 15 Year(s) Of Experience Is Required

Educational Qualification : 15 years full time education

Summary: As a Test Automation Lead, you will lead the transformation of testing into a continuous and efficient end-to-end quality engineering function. Your typical day will involve collaborating with various teams to implement quality processes and methodologies, ensuring that testing is not only thorough but also predictive and intelligent. You will focus on enhancing control, accuracy, and integrity in testing practices, while also exploring innovative testing products and solutions to drive improvements across the organization.

Roles & Responsibilities:
- Expected to be a Subject Matter Expert with deep knowledge and experience.
- Should have influencing and advisory skills.
- Responsible for team decisions.
- Engage with multiple teams and contribute on key decisions.
- Expected to provide solutions to problems that apply across multiple teams.
- Facilitate workshops and training sessions to enhance team capabilities in quality engineering.
- Continuously assess and refine testing strategies to align with evolving project requirements.

Professional & Technical Skills:
- Must To Have Skills: Proficiency in Functional Test Planning.
- Good To Have Skills: Experience with automated testing frameworks and tools.
- Strong understanding of quality assurance methodologies and best practices.
- Experience in developing and implementing test strategies for complex software systems.
- Proficient in analyzing test results and providing actionable insights for improvement.

Additional Information:
- The candidate should have minimum 15 years of experience in Functional Test Planning.
- This position is based at our Bengaluru office.
- A 15 years full time education is required."
"Mouser Electronics","Software QA Team Lead","Job Description

Testing all aspects of the product/system including function/component, system, performance, regression, and service.
Setting up of test environments, designing test plans, developing test cases/scenarios/usage cases, and executing these cases.
Able to Create, Assign, and track the project/module work plans for delivery and provide the technical guidance for work completion.
Ability to plan work schedule for on time delivery as per the defined quality standards.
Ability to troubleshoot quality issues and modify test procedures based on the Root Cause Analysis.
Ensure process improvements and compliance in the assigned module and participate in technical discussions or review.
Partner with the automation team to develop strategy/effort and generate scripts to perform automated testing.
Leading the QA team to design and create test conditions, test data and test automation scripts to address business and technical use cases.
Experience in Various Testing Phases- Functional, Regression, Integration, User Acceptance and Performance Testing.
Ability to Define metrics, create reports, and develop statistics, for organizational reporting and monitoring of quality processes within QA department.
Analyze existing QA quality processes and develop new or revised quality standards as needed.
Manages teams with integrity, ethical business practices, and in accordance with Mouser policies, procedures, and practices.
Makes suggestions and recommendation for these employees regarding performance, including hiring, transfer, advancement, and termination.
Expertise in testing techniques and review process.
Good understanding and business knowledge in areas of QA as to what Business users will experience - UI/UX.
Ability to use a wide variety of open-source automation technologies and tools.
Ability to execute automation scripts and train team members as required.
Exposure in automation testing frameworks and tools- Selenium, BDD, pytest, QTP, Robot Framework, JMeter.
Knowledge on Python, VB Script, C, Java.
Experience of testing REST/SOAP APIs.
Understanding of Test Architecture and design.
Exposure to working in Agile, Devops, and Continuous Delivery Environment. Hands on experience on DevOps QA implementation.
ISTQB Advanced Level Certification is a plus.
Bachelor's Degree in any field.

Internal candidates:
Minimum 1 year as a highly performing Lead/Coordinator or a total of 2 years as a highly performing Mouser employee.

This is a summary of the primary accountabilities and requirements for this position. The company reserves the right to modify or amend accountabilities and requirements at any time at its sole discretion based on business needs. Any part of this job description is subject to possible modification to reasonably accommodate individuals with disabilities.

About Us

Mouser Electronics, founded in 1964, is a globally authorized distributor of semiconductors and electronic components for over 1,200 industry-leading manufacturer brands. We specialize in the rapid introduction of the newest products and technologies targeting the design engineer and buyer communities.

Mouser has 28 offices located around the globe. We conduct business in 23 different languages and 34 currencies. Our global distribution centre is equipped with state-of-the-art wireless warehouse management systems that enable us to process orders 24/7, and deliver nearly perfect pick-and-ship operations."
